"","X","V1","V2","V3","V4","V5","V6","V7"
"1",1,1600,"P",253098159007336,-4.03634894976469,8.85621519275322,-0.904283161566984,"Phone"
"2",2,1601,"P",264636575498910,-3.23629047515389,2.64087849787353,8.61785062803581,"Phone"
"3",3,1602,"P",101712712375933,-1.5818735009737,-2.67666585442082,8.65807537428651,"Phone"
"4",4,1603,"P",10516826850283.4,7.44418737845551,0.66216910549972,6.26767422281477,"Phone"
"5",5,1604,"P",19398201361029.8,0.0301148213228036,9.68444824415221,-0.252174987864723,"Phone"
"6",6,1605,"P",182035846923777,8.39011727697258,2.758615409338,4.11105885207051,"Phone"
"7",7,1606,"P",123650729184612,-8.42189471680918,-0.0898482796851978,4.39537308761612,"Phone"
"8",8,1607,"P",287747405036819,3.90716651837129,-8.87758770274203,1.25876494191223,"Phone"
"9",9,1608,"P",77520238668961.8,5.00525962299944,2.47259079155568,7.20837979303302,"Phone"
"10",10,1609,"P",40901840855418.5,7.58578129330162,-5.34057497101287,-1.22769613336796,"Phone"
"11",11,1610,"P",19311153029512.6,-0.219386325825937,9.48386258183478,-0.19240847612493,"Phone"
"12",12,1611,"P",940495832568.156,3.06203030731673,-9.01254617451035,0.837016301953959,"Phone"
"13",13,1612,"P",6134478576078.23,-9.45661118407667,-2.94557309960828,0.27032637644709,"Phone"
"14",14,1613,"P",176816321609227,2.03217230534415,5.34434755243425,7.75530197050923,"Phone"
"15",15,1614,"P",83738365028018.5,-0.324984194002182,9.70571989642809,1.90210998418236,"Phone"
"16",16,1615,"P",179299372724084,2.71296149720582,-9.20273976098769,-0.485211429015115,"Phone"
"17",17,1616,"P",194291165448436,-0.178442008823503,0.0366789396809368,9.14932020453274,"Phone"
"18",18,1617,"P",269880320337788,0.283721395348033,3.0729577334827,7.26315854646503,"Phone"
"19",19,1618,"P",203640710130429,-0.642371355064354,-0.501642932732233,9.04407746881086,"Phone"
"20",20,1619,"P",171186379785808,-4.95164504023503,-4.58656362184947,6.92493048058198,"Phone"
"21",21,1620,"P",940879750658244,2.39721283908226,8.94764107337997,-2.72245496986626,"Phone"
"22",22,1621,"P",170324074927145,6.18357134735758,-5.00806956207191,-1.30810599513481,"Phone"
"23",23,1622,"P",1148376122917089,-2.41498203176273,-9.38796740682708,0.379830755811253,"Phone"
"24",24,1623,"P",4339708158758.78,4.17316287280358,-2.4106188647174,-8.86417630176273,"Phone"
"25",25,1624,"P",519248429412453,5.19647042537773,-7.9759727498601,-1.43639888709625,"Phone"
"26",26,1625,"P",706725643768407,-7.06079136665852,-4.60283699391226,3.74745671809477,"Phone"
"27",27,1626,"P",597700559761716,5.709333123615,-2.23482664468383,-7.99607721407387,"Phone"
"28",28,1627,"P",441958493373554,-4.00400246151247,-8.25063443640375,-2.88007647709461,"Phone"
"29",29,1628,"P",1137517481582563,4.28371655182708,-4.9571574734751,6.42995650523223,"Phone"
"30",30,1629,"P",866527523258091,0.888589989236751,6.53356995979715,1.67373979291494,"Phone"
"31",31,1630,"P",1560989901102464,8.83651873172356,1.46640053485683,2.18034617627924,"Phone"
"32",32,1631,"P",1554812332481886,4.5018074757174,8.36463155764697,0.409715457724748,"Phone"
"33",33,1632,"P",6541738882965.69,-1.66234103253858,-9.53597730067152,-0.783907462848685,"Phone"
"34",34,1633,"P",692778848541685,-0.360715540722662,-8.9870535570789,-4.0490738545887,"Phone"
"35",35,1634,"P",78864139176464.3,-0.445585753359513,-9.58038401564074,-0.409458315284471,"Phone"
"36",36,1635,"P",678075727108719,-2.57458098998321,-4.45866760396754,0.674481152063095,"Phone"
"37",37,1636,"P",505139784250692,2.63202309116276,-8.80157116114172,0.38012203373593,"Phone"
"38",38,1637,"P",16067257104036.8,5.20452771631981,-3.85822697344832,3.20929479320526,"Phone"
"39",39,1638,"P",1140099274796631,4.55622831365057,-2.52396002271715,0.873550045719871,"Phone"
"40",40,1639,"P",184598802067023,4.92000007026469,-2.95246578824734,3.02038357113151,"Phone"
"41",41,1640,"P",173244684413570,1.2362603304789,-4.32857568991503,3.47005445136838,"Phone"
"42",42,1641,"P",1217187225012601,9.02900556970985,-1.03962682548759,-3.86664730458685,"Phone"
"43",43,1642,"P",1470241221669139,-1.67934601992539,5.85014102868774,6.51173706735764,"Phone"
"44",44,1643,"P",709411836681074,2.06277766307846,-6.37300014647454,-4.51933236419685,"Phone"
"45",45,1644,"P",1818609509847721,-0.739949492180246,-8.3757897504197,-2.42149317878608,"Phone"
"46",46,1645,"P",1130922093734246,3.22946384410676,-5.75315076637535,-4.08345687319741,"Phone"
"47",47,1646,"P",1466432613919381,-9.0103999205512,-0.332990153877728,-1.87201308654165,"Phone"
"48",48,1647,"P",1220793174195560,5.77053120844992,-1.25905233325406,-8.37384053427532,"Phone"
"49",49,1648,"P",461856238725463,-5.38111154368169,-4.21593550384363,2.88371487549501,"Phone"
"50",50,1649,"P",1163654370695726,6.00595108094572,-1.36697847102686,-8.24040012697258,"Phone"
"51",51,1650,"P",358880635393775,-4.44230606654277,-5.79567275558338,-0.469778677027798,"Phone"
"52",52,1600,"P",253098259715348,0.00904275135672269,-0.0313994335610056,-0.00543715982003557,"Phone"
"53",53,1601,"P",264634620213173,-0.00928816614536695,-0.00674011021433613,-0.0060121047882465,"Phone"
"54",54,1602,"P",99957439323484.9,-0.00439541159948515,0.0277168289006863,-0.0079403448409028,"Phone"
"55",55,1603,"P",10514144460775.1,-0.0143745055223193,-0.00618494930563585,-0.0132009988357983,"Phone"
"56",56,1604,"P",19397483337287.5,-0.00961787962686499,0.0497566931992913,0.0243914479314622,"Phone"
"57",57,1605,"P",182034011346215,-0.0106328014626555,-0.00928973271296359,-0.010071523501619,"Phone"
"58",58,1606,"P",123650158712991,0.00584913847628067,-0.00846353736159384,-0.0103489469127826,"Phone"
"59",59,1607,"P",287745649281185,-0.0135768249953894,0.00244563252344538,-0.00942162254877311,"Phone"
"60",60,1608,"P",111389511901231,-0.0373382652632193,-0.12370748664677,0.041681049163144,"Phone"
"61",61,1609,"P",40598814030518.4,0.00616811120414202,-0.00239541202189048,-0.000802706355357143,"Phone"
"62",62,1610,"P",19673642556420.9,-0.00113029136011177,0.00770858659607843,0.00209525396509608,"Phone"
"63",63,1611,"P",940759139530.204,-0.00137544090813726,0.000393223624210364,0.00114169078434454,"Phone"
"64",64,1612,"P",6134043398871.83,0.0025424049221521,0.00490246944871513,0.00394250778051092,"Phone"
"65",65,1613,"P",176827255199809,-0.00634734990863866,-0.00736099227642017,-0.00122736667490756,"Phone"
"66",66,1614,"P",83140288613489.9,-0.000640650597955182,0.000396266443081232,-0.00121326768408964,"Phone"
"67",67,1615,"P",179309567843931,-0.00249486771966611,0.00144567789688487,-0.0356568280665022,"Phone"
"68",68,1616,"P",195736891320178,9.6335529687395e-05,8.51115604635854e-05,3.86726961705882e-05,"Phone"
"69",69,1617,"P",269882227141216,-0.00361803847594006,-0.00372927396678992,0.0040507724110493,"Phone"
"70",70,1618,"P",199439864239484,0.00158277669125406,0.0019775433477014,0.000882611949013726,"Phone"
"71",71,1619,"P",171193289144213,-0.0139686905121569,-0.00692272700280112,-0.00873546688095238,"Phone"
"72",72,1620,"P",938838158403096,0.0133502049158151,-0.0231039696102773,0.00751744100693641,"Phone"
"73",73,1621,"P",170380666958331,-0.0154138093863025,-0.00145078890308123,-0.0178892813377031,"Phone"
"74",74,1622,"P",1149097253948194,-0.00381323979847815,0.000276773920656302,0.00123626107948235,"Phone"
"75",75,1623,"P",3356559174776.13,0.00336779851578768,-0.00184885215635854,0.00086071109487395,"Phone"
"76",76,1624,"P",519252122728376,-5.05677327745097e-05,-0.00279439296074818,0.00362376156599972,"Phone"
"77",77,1625,"P",708119047547114,-0.00489264313325126,-0.00613796545532493,-0.00505529227217507,"Phone"
"78",78,1626,"P",599501951105374,-0.00856207832511429,0.00493430767759412,0.00491220169564874,"Phone"
"79",79,1627,"P",443366367293728,-0.00128399458591597,-0.0277295198606067,0.00983126795723389,"Phone"
"80",80,1628,"P",1138940736979783,-0.0101754838159224,0.00815267709289076,-0.0014225850116451,"Phone"
"81",81,1629,"P",1128326745533183,0.0153314713377933,0.000201206593969188,0.00755634682813137,"Phone"
"82",82,1630,"P",1561001197473038,-0.00356194003268263,-0.000239302178619048,-0.0260348707543171,"Phone"
"83",83,1631,"P",1554812551083325,-0.0342932651884258,-0.00949790350868067,-0.00604832341743109,"Phone"
"84",84,1632,"P",6545223581392.91,-0.000905957431459104,-0.00175606024695798,0.0015811054832605,"Phone"
"85",85,1633,"P",694168471611599,-0.00657274709272689,0.0284551626813389,0.0132650465465975,"Phone"
"86",86,1634,"P",78867849683165.8,-0.011807011594865,-0.0146750916078627,0.0273140017633137,"Phone"
"87",87,1635,"P",676879847959586,-0.00636617158539048,-0.00713674917735854,-0.00902718509665518,"Phone"
"88",88,1636,"P",505139882282353,-0.0172847075746555,-0.0202271658645361,-0.00351437702092437,"Phone"
"89",89,1637,"P",16070172378578.9,-0.136203200805028,-1.25048101312132,0.577821410636249,"Phone"
"90",90,1638,"P",1140097783357992,-0.212867683730297,-0.447310415959748,0.245519849207647,"Phone"
"91",91,1639,"P",184600653326660,-0.0957777052125854,-0.204468939542157,0.326395400591429,"Phone"
"92",92,1640,"P",173243239571767,-0.00819750097503642,-0.115725095157964,0.176433324230936,"Phone"
"93",93,1641,"P",1219908776588221,0.00280997075207283,0.00141886062893557,-0.000284965686330532,"Phone"
"94",94,1642,"P",1472258652600374,0.00232478308994398,0.00151822554431373,0.00212187563254902,"Phone"
"95",95,1643,"P",711107608185384,0.0415820162805602,0.0521549902287115,-0.00764543640941176,"Phone"
"96",96,1644,"P",1819293862155492,-0.0258927891214286,-0.0026733048770028,0.0187298566855462,"Phone"
"97",97,1645,"P",1130520241524472,-0.00212038350717087,0.00348165430445378,-1.70084339495797e-05,"Phone"
"98",98,1646,"P",1466259009179806,0.00211978672666667,0.0024408579472549,-0.000362249594285714,"Phone"
"99",99,1647,"P",1220791218945505,-0.0247985808507003,-0.00193866198557423,-0.00486082860501401,"Phone"
"100",100,1648,"P",461518207875101,0.00157223491,-0.00406590851764706,-0.000893091486638655,"Phone"
"101",101,1649,"P",1163662830228452,-0.0233110897380112,-0.00352313096179272,-0.0024390677070028,"Phone"
"102",102,1650,"P",359188261013354,0.00188047517988796,0.00177812629613445,0.000118163757591036,"Watch"
"103",103,1600,"P",91317163618685.3,5.49037165468949,-0.831785748990985,1.91085808049564,"Watch"
"104",104,1601,"P",1896996982308361,-6.16709324862391,-2.75761819367259,2.60754900488899,"Watch"
"105",105,1602,"P",523117817319650,7.22274216601598,-2.98779234547024,1.89867886713437,"Watch"
"106",106,1603,"P",9358692571324.72,8.54671454430455,-2.36636191771423,-0.844726660481831,"Watch"
"107",107,1604,"P",697509506710936,6.64592528260751,-1.7566714808663,2.3448957868071,"Watch"
"108",108,1605,"P",10840954737790.8,4.55238898900568,-4.48121847169695,2.8349704081681,"Watch"
"109",109,1606,"P",801762643296226,6.2157128917286,-5.80811013589484,-1.68403196120208,"Watch"
"110",110,1607,"P",115337453558495,-3.55023718216316,-6.77605848128816,-1.93747475776619,"Watch"
"111",111,1608,"P",789106506102813,0.421771064456588,-4.1165913714288,-2.42267157956649,"Watch"
"112",112,1609,"P",852391792454466,0.745385404745909,-2.89390619675406,1.40713667802436,"Watch"
"113",113,1610,"P",20601937207154.9,6.83586759565542,-2.27658877305825,3.30036215997656,"Watch"
"114",114,1611,"P",2296029189040.01,3.74859832853725,-4.51433934759304,6.4631539691982,"Watch"
"115",115,1612,"P",7440908009253.17,0.128815981358918,-6.22025867593065,5.72545210281185,"Watch"
"116",116,1613,"P",615989647741673,6.55543961778397,-1.21487978522782,1.2510562796894,"Watch"
"117",117,1614,"P",82252482404800.4,-4.94732912985512,-1.5299748667484,0.149852426011373,"Watch"
"118",118,1615,"P",90549227702530.1,5.65455759262985,-2.86064623521098,0.439504365751096,"Watch"
"119",119,1616,"P",107418874248350,-0.37050607568846,-8.78935137451595,4.09222264614147,"Watch"
"120",120,1617,"P",181115243156726,1.26529878021797,-3.33189776707071,-6.62143710163273,"Watch"
"121",121,1618,"P",109230552648347,-0.504063180553964,-6.55386320208044,7.07303190092094,"Watch"
"122",122,1619,"P",351715471754923,6.29177386278585,-2.2024944651514,1.18655793288677,"Watch"
"123",123,1620,"P",38753401893797,3.75959908423043,-3.62078052921198,1.38814321177121,"Watch"
"124",124,1621,"P",178245026773536,6.36743094874979,-3.46464608301259,-0.353121176572067,"Watch"
"125",125,1622,"P",23467239078169.4,4.21446020533525,-4.01834935398247,4.18470316042136,"Watch"
"126",126,1623,"P",11465352957828.8,7.88380786961781,-2.17673967123517,-2.31028737562938,"Watch"
"127",127,1624,"P",293483466929441,3.62252272765698,-4.26109765741581,6.84204581068644,"Watch"
"128",128,1625,"P",482237029284653,5.82350671876644,-1.78143675448932,0.143616520364993,"Watch"
"129",129,1626,"P",373535608821823,-1.67920090306602,-5.36820226270635,1.03256387021251,"Watch"
"130",130,1627,"P",217590360270932,4.38675603417437,-3.19018635259404,5.01507090273819,"Watch"
"131",131,1628,"P",913479567248202,-7.87194215589115,0.553075081583079,0.60843567794896,"Watch"
"132",132,1629,"P",862912928976323,6.44965596631096,-3.95864173266505,2.54548073133108,"Watch"
"133",133,1630,"P",1335205837484200,4.73819150775434,-4.29640096926175,-3.8403908081511,"Watch"
"134",134,1631,"P",1329019433791369,6.8750937116147,-4.34983764662746,1.10532310921786,"Watch"
"135",135,1632,"P",7097375615316.52,5.5173819363215,-1.84343527522086,2.81467006949012,"Watch"
"136",136,1633,"P",699709266082094,0.551912357840777,-8.71261447120333,-0.597181103482247,"Watch"
"137",137,1634,"P",84417717972572.7,7.15401922603395,-4.24544458235262,-0.624207503349792,"Watch"
"138",138,1635,"P",65501117314440.9,7.39990779304386,-3.61019597695123,0.897660067260055,"Watch"
"139",139,1636,"P",510686881232588,-5.19125408782283,5.07461647835035,3.45564742708888,"Watch"
"140",140,1637,"P",12837674708997.5,2.18836830495775,-5.8828770905792,-3.28826296846154,"Watch"
"141",141,1638,"P",1136370033989531,1.81938546693218,-7.93122245088766,3.04062059551653,"Watch"
"142",142,1639,"P",181114166566265,-2.34928572315717,-7.40877997617198,3.2047824130658,"Watch"
"143",143,1640,"P",169566947209655,-0.200788349360416,-6.31534655506546,-3.46232309551082,"Watch"
"144",144,1641,"P",1220654920949829,4.13637321116644,-4.33813683026438,-2.66718211239964,"Watch"
"145",145,1642,"P",1471428264686195,-1.98498003781442,-6.40456675151531,5.78497661490863,"Watch"
"146",146,1643,"P",712770817647524,5.14479146344707,-5.1206039312785,3.2235957984111,"Watch"
"147",147,1644,"P",1821177561600485,-1.62057104491556,-6.63717934698141,-2.82715229543856,"Watch"
"148",148,1645,"P",1134689381997202,7.29408482195071,-3.61013997566519,0.0288041223044106,"Watch"
"149",149,1646,"P",1469443378600946,5.20043755097656,-3.63511752232921,-3.31895326812777,"Watch"
"150",150,1647,"P",729123617101718,5.2202195605068,-3.62109480078377,-0.279219416780943,"Watch"
"151",151,1648,"P",2528655992561838,-5.64901763531745,-5.27024324902208,-2.10261844250813,"Watch"
"152",152,1649,"P",2724492543791610,6.41631669343648,-2.38991242608804,-1.37196619597573,"Watch"
"153",153,1650,"P",2428846609434521,5.29401863228247,-3.95785209399589,0.309821164976671,"Watch"
"154",154,1600,"P",91317163603208.5,-0.0853067928402165,-0.345567435343371,0.408879121023539,"Watch"
"155",155,1601,"P",1897024540382625,-0.0926589812050042,0.366720162541771,-0.263138981459256,"Watch"
"156",156,1602,"P",523117635572426,-0.126231200720158,-0.171766408079628,0.156761547790397,"Watch"
"157",157,1603,"P",9364097354309.83,-0.0147643408403275,-0.423274935952373,0.245865668063092,"Watch"
"158",158,1604,"P",697509799360125,0.125963878603747,-0.356440591688787,0.479198079630086,"Watch"
"159",159,1605,"P",10839814828751,-0.0025375455016736,-0.151446863653918,0.209855337830103,"Watch"
"160",160,1606,"P",801760881024548,-0.385801241497974,-1.49035565280902,0.323913802654149,"Watch"
"161",161,1607,"P",115336739400382,-0.165999991326303,1.26118510550065,0.0150506223014183,"Watch"
"162",162,1608,"P",789107722093303,-0.21814062803375,-0.414094949221013,0.460682309067796,"Watch"
"163",163,1609,"P",852391723655366,-0.115895870169166,-0.233654138567791,-0.193247397101016,"Watch"
"164",164,1610,"P",20602331125556.5,0.0303937130189564,-0.186389177325867,0.225112171461915,"Watch"
"165",165,1611,"P",2297111133785.72,-0.0268058254317236,-0.0292230819975576,0.0498662420332695,"Watch"
"166",166,1612,"P",7441599759831.94,-0.0118659753583791,-0.0421919722690536,-0.0140456110431502,"Watch"
"167",167,1613,"P",615999345725828,0.15352964754257,-0.289508864682404,0.348426500039356,"Watch"
"168",168,1614,"P",82255908780110.1,0.0117413009166722,0.630229383606805,-0.431726387372931,"Watch"
"169",169,1615,"P",90529493691236.6,-0.250506423224979,-0.903379550817041,0.487511109939412,"Watch"
"170",170,1616,"P",107418131272848,0.00106692864466292,0.000896954859693311,0.000439302628886483,"Watch"
"171",171,1617,"P",181115496480088,0.00135616490465612,-0.0754223441774632,-0.0359142929074577,"Watch"
"172",172,1618,"P",109386922719871,-0.00631456539585623,-0.00100687238720233,0.000338186576816542,"Watch"
"173",173,1619,"P",351713097954854,0.0158552999728365,-0.284290471551318,0.245777999773661,"Watch"
"174",174,1620,"P",38758814869462,-0.143623810011046,-0.59346029984509,0.308566011806378,"Watch"
"175",175,1621,"P",178244864314600,0.0644895490504024,-0.0866384329036331,0.0483360016584419,"Watch"
"176",176,1622,"P",23767543375323.2,-0.102012172394485,-0.176233316664347,0.240037126211124,"Watch"
"177",177,1623,"P",11461575348932.7,-0.314390752984874,-1.37665415316958,0.677440329073386,"Watch"
"178",178,1624,"P",293483961136275,-0.0451401679503386,-0.0659478102153084,0.0634968241739661,"Watch"
"179",179,1625,"P",482237255841195,-0.119123197156045,-0.23137919047008,-0.000407726016722176,"Watch"
"180",180,1626,"P",373535364565235,-0.0641214182208149,-0.104918798037738,0.107705640575853,"Watch"
"181",181,1627,"P",217590091963629,0.0620653063085901,-0.284313797728199,0.254108837398449,"Watch"
"182",182,1628,"P",913479396713044,-0.195889403584882,0.0801102396846989,0.0843468036233694,"Watch"
"183",183,1629,"P",861945624083034,0.0516067529903691,-0.311961151089539,0.348456376315938,"Watch"
"184",184,1630,"P",1335205279637405,-0.228804619048876,-2.11407849366814,0.668687277141557,"Watch"
"185",185,1631,"P",1329018146412826,-0.180527508505706,-0.587363933819831,0.375660444213628,"Watch"
"186",186,1632,"P",7095470526918.18,0.0495508132965029,-0.214505943681404,0.250944314831946,"Watch"
"187",187,1633,"P",699705445969233,0.0637153044790175,0.231286086917821,0.0100581675131002,"Watch"
"188",188,1634,"P",84418016885613.9,-0.394287778410513,-1.00428578441539,0.477773054078185,"Watch"
"189",189,1635,"P",65504463153327.3,-0.10948351011655,-0.464981993021782,0.441532439563558,"Watch"
"190",190,1636,"P",510683712816772,-0.0774621227094172,0.359390718992007,0.130443768223072,"Watch"
"191",191,1637,"P",14306424910640.3,0.000879884977629754,-0.00431191097996114,-0.0039914155573411,"Watch"
"192",192,1638,"P",1137608893704015,0.0288647344443242,-0.00394617960249792,0.00169827290144324,"Watch"
"193",193,1639,"P",182212222163341,-0.0056518446859839,0.00685991266541771,-0.00101529688012767,"Watch"
"194",194,1640,"P",170935806755374,-0.00323452500444074,0.0034698707758257,0.00132160213213988,"Watch"
"195",195,1641,"P",1220651882238704,-0.234078063058063,-2.03126951081898,0.176442543833278,"Watch"
"196",196,1642,"P",1471428839238173,-0.00127896565187066,-0.000358321161742992,-0.00139625906941715,"Watch"
"197",197,1643,"P",712766808990086,-0.0567808982421038,-0.745453749322798,0.475113148125312,"Watch"
"198",198,1644,"P",1821177663386881,-0.10472485668824,-0.215890447575737,-0.15132337282771,"Watch"
"199",199,1645,"P",1134689533740153,0.21356773762227,0.0223738423609506,-0.0559450465150763,"Watch"
"200",200,1646,"P",1469438860334724,-0.00128532053091868,-2.13797475391678,-0.047938343187083,"Watch"
"201",201,1647,"P",729123249411987,0.0122007854391202,-1.01621985886944,0.316606952287907,"Watch"
"202",202,1648,"P",2528657864736384,-0.297207332078491,2.4082536659519,-0.237538433004094,"Watch"
"203",203,1649,"P",2724492831521521,0.0251227202313072,-0.712402362860283,0.58364336825179,"Watch"
"204",204,1650,"P",2428847245316860,-0.0907840187295865,-0.705330337635887,0.209492859587491,"Watch"
"205",1,1600,"J",254033722017632,2.85143314038623,6.85136752174643,5.65702983708368,"Phone"
"206",2,1601,"J",267123101401606,-1.02313944395186,0.910100361038203,9.56503931514134,"Phone"
"207",3,1602,"J",101684693183778,-1.24704447967954,-1.59794974229667,8.9435905211307,"Phone"
"208",4,1603,"J",11504120176095.2,8.91691057279597,0.336018971432522,4.05030261043941,"Phone"
"209",5,1604,"J",16089981466771.6,3.25276405281276,5.57062768169605,6.56874196582704,"Phone"
"210",6,1605,"J",181787088242559,6.63346967746991,-0.3416627339555,7.12431888505458,"Phone"
"211",7,1606,"J",126257859877707,-9.75648979638959,-0.897731658195074,-2.17770270906846,"Phone"
"212",8,1607,"J",291475282421934,-3.83332431196474,2.01624868170641,-8.74025895572348,"Phone"
"213",9,1608,"J",47868094707120.2,3.99624178598954,8.53302712093311,0.740027862453069,"Phone"
"214",10,1609,"J",39463213942494.8,8.17574674452281,-4.89730580953017,-1.33292543436807,"Phone"
"215",11,1610,"J",17130977231831.7,8.37131778371117,3.09510038751749,2.14604297310383,"Phone"
"216",12,1611,"J",1755485920470.23,9.33401361530926,-0.305885517849538,1.14470769373496,"Phone"
"217",13,1612,"J",7400766250888.61,-9.95626787279597,0.861977381642877,-0.943957393165407,"Phone"
"218",14,1613,"J",176062545717229,1.51764160643717,5.0990698308984,8.09338575936188,"Phone"
"219",15,1614,"J",83811003345669.3,2.72538070490712,8.28298550076923,3.51503072564596,"Phone"
"220",16,1615,"J",166125044304225,8.50503549370277,-0.987196777956899,-4.79461979123985,"Phone"
"221",17,1616,"J",194787473330802,-0.183509741624787,0.0300534774456166,9.15786355713661,"Phone"
"222",18,1617,"J",266483090159722,-7.46429101497341,-5.37811616745032,2.80983938032466,"Phone"
"223",19,1618,"J",199166643672609,-2.43381005505178,-0.689754628396306,8.85718159557794,"Phone"
"224",20,1619,"J",170753528236946,-5.36547217002519,-2.69557493084187,7.57516990201511,"Phone"
"225",21,1620,"J",940911734853042,2.90227695254254,8.89124592033515,-1.6877687728192,"Phone"
"226",22,1621,"J",169022467082015,-3.51053911367912,8.53723510666107,-3.0106796563672,"Phone"
"227",23,1622,"J",289745684026411,-6.3491173697733,-7.48029109359082,0.402014705774319,"Phone"
"228",24,1623,"J",1467807034795.42,-1.27099881832136,-9.62227483422894,-0.953864114446124,"Phone"
"229",25,1624,"J",517543222801277,6.87547287047299,-4.30767579997201,-5.62701309524209,"Phone"
"230",26,1625,"J",705403885452969,-4.74627935103554,-7.52770994020431,2.10985551054076,"Phone"
"231",27,1626,"J",597124827611282,-6.9060813829555,-0.464954516080045,-7.70172934108592,"Phone"
"232",28,1627,"J",440219938092276,0.388196621043598,-8.97485190289673,1.66691915011808,"Phone"
"233",29,1628,"J",1136312638637347,-4.11808132377134,-6.42940640370837,-5.0662843755882,"Phone"
"234",30,1629,"J",605823062931451,0.295556476770221,2.58004921395186,-0.83484587225021,"Phone"
"235",31,1630,"J",1559186401309224,4.79543943946264,3.49404036610691,6.97201592698013,"Phone"
"236",32,1631,"J",1552820169376972,-1.09796164365001,2.97799787712846,8.57779173991044,"Phone"
"237",33,1632,"J",1939306981396.45,1.6931607204616,-3.17311424896166,-9.3301154963616,"Phone"
"238",34,1633,"J",693249141342391,1.85947095020907,-8.71326563140218,2.73771621766023,"Phone"
"239",35,1634,"J",77510038744808.6,5.68145225118948,0.177716374634867,-8.32380496705849,"Phone"
"240",36,1635,"J",677496796423269,-3.3274490523712,-3.66285406321131,3.95637662845788,"Phone"
"241",37,1636,"J",504197624405061,-2.6720723472712,-8.77609333042261,2.70624034264204,"Phone"
"242",38,1637,"J",15079401706751.3,-4.57182203948195,-5.25953248303263,6.02920108057677,"Phone"
"243",39,1638,"J",1137973859123428,-5.62656404574223,-7.22126164549695,-0.764398184420963,"Phone"
"244",40,1639,"J",182905156046482,-4.47487965645424,-6.94246655500313,1.80294243199863,"Phone"
"245",41,1640,"J",171973831686490,-6.19512588105234,-6.62178345625525,0.841080986496753,"Phone"
"246",42,1641,"J",1217456611395922,9.36205625239888,-0.186733366689149,-3.24652426968452,"Phone"
"247",43,1642,"J",1470604907603288,-4.49526787343903,5.70893986539542,1.95895010488003,"Phone"
"248",44,1643,"J",708694663958751,4.3281832148895,-3.27932349151609,-6.5103122393005,"Phone"
"249",45,1644,"J",1816446063710628,0.893905720292247,-8.51531937391548,2.39777963403638,"Phone"
"250",46,1645,"J",1129580716289980,7.22879687433962,-2.75405098404472,-5.77839407839553,"Phone"
"251",47,1646,"J",1465210862437688,-8.88609150548576,-0.648292098002038,-0.645881032376982,"Phone"
"252",48,1647,"J",1220359996386462,4.43162529493423,-4.40209999115589,-8.00503482146656,"Phone"
"253",49,1648,"J",461970260858854,-2.42026048318931,0.033604836522686,2.00510621578365,"Phone"
"254",50,1649,"J",1164355207551210,7.66786062952701,0.653673019563392,-6.78620658219983,"Phone"
"255",51,1650,"J",357778324202084,-5.62815514248357,-5.35656776036918,-4.68057705717382,"Phone"
"256",52,1600,"J",254033847902650,0.000245243970936099,-0.00368192699005858,-0.00162548015068442,"Phone"
"257",53,1601,"J",267121924240443,-0.0123724286322926,-0.00667827961404709,-0.00495976443777466,"Phone"
"258",54,1602,"J",101553586229547,0.0010760311609162,0.000202187515476457,0.000733448254127242,"Phone"
"259",55,1603,"J",11512998866959.8,-0.0147175480876345,-0.00610668520929372,-0.013037173962528,"Phone"
"260",56,1604,"J",16089970453151.9,0.00260166202228924,-0.00044743576978167,-0.00144209669570572,"Phone"
"261",57,1605,"J",181786110596838,-0.0122203866154933,-0.00693183231474776,-0.0113874023599944,"Phone"
"262",58,1606,"J",126258930693023,0.00518815933346497,-0.00150739130956502,-0.00422535453358352,"Phone"
"263",59,1607,"J",291474384586828,-0.00686234217175448,-0.00679098624288677,-0.00191123610882287,"Phone"
"264",60,1608,"J",120231872217027,-0.000285345342339406,0.000388996481706839,0.000682185040821188,"Phone"
"265",61,1609,"J",39439754323207.6,0.0270623947434515,-0.00786963905602298,-0.016024940449095,"Phone"
"266",62,1610,"J",17187118840364.4,-0.00040618398377102,0.000464465053676009,0.00180039169190695,"Phone"
"267",63,1611,"J",1755776793249.17,-0.00112867142398346,0.00123760839746889,0.00165164417054905,"Phone"
"268",64,1612,"J",7401008710304.46,0.000163595772007848,-2.20628046987108e-05,7.02340505227018e-05,"Phone"
"269",65,1613,"J",176064241631391,-0.00665909708952354,-0.00660864034150224,0.00167962766654148,"Phone"
"270",66,1614,"J",83553864872828.5,-0.000846718077158072,-0.00204543917628924,-0.00478234470863229,"Phone"
"271",67,1615,"J",166123114877761,1.85132254167602e-05,0.000450078680995516,-2.80200785529708e-05,"Phone"
"272",68,1616,"J",194646403535578,-1.15894950159753e-05,2.8178296690583e-05,0.00022827028230185,"Phone"
"273",69,1617,"J",266483496259933,0.00504554015961351,0.000794363664097534,0.00341753254834053,"Phone"
"274",70,1618,"J",199176363913012,-0.000115279130745796,0.000110527860987668,-0.000587929529745796,"Phone"
"275",71,1619,"J",170752470795197,-0.0133346149814182,-0.00584372796036996,-0.00943153147853139,"Phone"
"276",72,1620,"J",941373638837474,-0.000354997775730381,-0.00471034288399916,-0.0116292458169266,"Phone"
"277",73,1621,"J",169041042364894,-0.00973218192755045,-0.00490953152432735,-0.0104418608386211,"Phone"
"278",74,1622,"J",289745760528377,-0.000173555895394619,6.23608892853139e-05,-0.00142175306767573,"Phone"
"279",75,1623,"J",4883760444501.49,0.00105357492181726,0.000908073291650224,1.20855792903587e-05,"Phone"
"280",76,1624,"J",517543882812864,-0.000158797480886211,-0.000400175433554652,0.000344781065514854,"Phone"
"281",77,1625,"J",706987322278431,-0.000919577255095291,-0.00185549096757791,-0.000575989348355381,"Phone"
"282",78,1626,"J",597807615369940,0.00124614441418161,-0.000242763567761491,-0.000776620188311099,"Phone"
"283",79,1627,"J",441668173386792,0.00266585324021441,0.00104368746504484,0.000698829476612948,"Phone"
"284",80,1628,"J",1137760517029070,-0.000259921148367152,-0.000505725376772141,0.000315114526759249,"Phone"
"285",81,1629,"J",605983675320652,0.000156997028331558,-0.00073674762120852,-6.25554745672646e-05,"Phone"
"286",82,1630,"J",1559186949322470,0.000481485793686939,6.45505132794282e-05,0.000433947466143218,"Phone"
"287",83,1631,"J",1552819827254184,0.00092615890597898,-0.00148040191065723,0.000595674382918442,"Phone"
"288",84,1632,"J",1939781955344.86,-0.00091356440381278,0.00288137513630689,-0.000129725372564462,"Phone"
"289",85,1633,"J",692576641107716,0.00116895667171385,0.000881408895491592,0.000861702487861827,"Phone"
"290",86,1634,"J",77510184556604.6,-3.16722492174888e-05,0.00114160375707343,0.00134950048080493,"Phone"
"291",87,1635,"J",679478660055316,-0.00461725480152943,-0.0017087662537741,0.00396084895342517,"Phone"
"292",88,1636,"J",504197984951292,0.00327144076631054,-0.0056853145212116,0.00294757638962052,"Phone"
"293",89,1637,"J",15075493947291.8,0.00581688197704596,-0.0204403410903111,0.00112987259438313,"Phone"
"294",90,1638,"J",1137975322800626,-0.00273570754934137,-0.0258620405669114,-0.0368671204259389,"Phone"
"295",91,1639,"J",182907206431455,0.00640764308790387,-0.0227514265341368,-0.000507911406185538,"Phone"
"296",92,1640,"J",171971604328968,-0.0100007951302775,-0.0188972848931867,0.00680859739823268,"Phone"
"297",93,1641,"J",1219482195678050,-0.000221233420571749,0.00155699386939462,0.00029826208478139,"Phone"
"298",94,1642,"J",1470124012859648,0.00170418431367713,0.00226876248520179,-0.000313787275672646,"Phone"
"299",95,1643,"J",709710828345765,0.00180181364089126,0.00233325163223094,-0.000525765335986547,"Phone"
"300",96,1644,"J",1816925796219621,0.00325729686858184,-0.0021986009065583,-0.00170866265274664,"Phone"
"301",97,1645,"J",1131143494700168,0.000570847982371076,0.00296590165456839,-0.00034543474691704,"Phone"
"302",98,1646,"J",1465608601469100,0.0016011808555213,0.00216755043710762,-0.00053681209103139,"Phone"
"303",99,1647,"J",1220358859141366,-0.0255370880081839,-0.00166865555210202,-0.00742460656942265,"Phone"
"304",100,1648,"J",461304454748793,0.001673731155213,0.00150862710596973,-0.00132859498290359,"Phone"
"305",101,1649,"J",1164362728373770,-0.0250092328555493,-0.0033128291540639,-0.00596315220759529,"Phone"
"306",102,1650,"J",358502606002560,0.00238967958486547,0.000721919709753363,-0.000181226428279148,"Watch"
"307",103,1600,"J",92252759549231.2,-3.17083623330541,-5.75314689909404,5.26181266071567,"Watch"
"308",104,1601,"J",1898646344694621,2.05846579947667,-8.2086799523828,3.10050829893426,"Watch"
"309",105,1602,"J",524706207155337,-1.04135491493373,-7.85992326001165,1.50549487031761,"Watch"
"310",106,1603,"J",11000953669485.8,-1.99330138210902,-7.1796097259362,-5.28039025709515,"Watch"
"311",107,1604,"J",694202885352229,-1.89835086380223,-6.67266757504854,4.30843229354352,"Watch"
"312",108,1605,"J",7729388217185.79,-4.29505701902913,-6.59141854315359,3.36599654600316,"Watch"
"313",109,1606,"J",804370822191560,-6.2266024385215,-6.56218778943134,-1.21100988423503,"Watch"
"314",110,1607,"J",117801199953000,3.4879656433096,-6.71820809334216,-0.22897173150663,"Watch"
"315",111,1608,"J",798170947268003,-4.68198980809986,-6.28988022472455,2.07849528415412,"Watch"
"316",112,1609,"J",855445123218574,-3.3311051272729,-7.89506942370596,-1.34522339914288,"Watch"
"317",113,1610,"J",18115060220365.6,-2.7269112212871,-6.96610168507628,5.26729251575423,"Watch"
"318",114,1611,"J",3121797214467.53,-4.6276687469792,-7.02623387878585,2.73610420775307,"Watch"
"319",115,1612,"J",8754300644391.47,-5.53813492278502,-6.21897374547573,-4.34038549527711,"Watch"
"320",116,1613,"J",615017088014411,2.29251579509847,-4.0582558531362,7.90505488224411,"Watch"
"321",117,1614,"J",83536405913723,-2.63926604943883,-7.02955380368932,3.71991895975795,"Watch"
"322",118,1615,"J",77361096247140.4,-5.09366752401387,-4.37479210597767,5.84414902682746,"Watch"
"323",119,1616,"J",105418619089900,-4.28289382001706,-5.5118662224552,5.16310472255201,"Watch"
"324",120,1617,"J",177719598267198,-4.37563465370319,-6.30800416711234,4.92275580427184,"Watch"
"325",121,1618,"J",110410322801466,-2.81912107272732,-6.44857942452982,5.22876487621928,"Watch"
"326",122,1619,"J",348683575788994,-4.76243490306019,-7.70247765733703,-0.819583183739251,"Watch"
"327",123,1620,"J",41289846591046.5,-2.11607432295589,-7.15265354417753,4.56302114432621,"Watch"
"328",124,1621,"J",179601883119087,-6.2138150800749,-4.95523314560835,-1.90110054017467,"Watch"
"329",125,1622,"J",202781768783928,5.58199392486408,7.50327804097087,-0.440870700793232,"Watch"
"330",126,1623,"J",12998782970078.4,-3.03998182279351,-7.49878384401387,-2.31707158758008,"Watch"
"331",127,1624,"J",291773774055086,-4.20145954081193,-7.77818311167933,0.936939826854147,"Watch"
"332",128,1625,"J",481195061824218,-3.88697803235506,-8.14876145653259,-0.888308561334258,"Watch"
"333",129,1626,"J",372138119238642,-4.27606568901248,-6.12494595023578,-5.61911347480999,"Watch"
"334",130,1627,"J",215906083127407,-2.26275126587129,-6.20446470313759,3.68317418637834,"Watch"
"335",131,1628,"J",911987660931113,1.96568151576494,5.67261401930951,5.64819323593961,"Watch"
"336",132,1629,"J",380146793543468,-3.01975546751096,-7.55466379045076,-3.04033397988814,"Watch"
"337",133,1630,"J",1333393809826013,-3.5155942579473,-8.56346458493759,1.54064554920863,"Watch"
"338",134,1631,"J",1327026812896237,-3.89130129631678,-7.32714801872677,1.59969055751126,"Watch"
"339",135,1632,"J",2491072002670.74,-3.90967870072122,-6.9014020057975,3.3168670130813,"Watch"
"340",136,1633,"J",698116708858013,4.85654902682386,-6.40615029434119,4.55505428019872,"Watch"
"341",137,1634,"J",83059294420269.9,-3.39545896540888,-7.39130971353398,3.55490126083478,"Watch"
"342",138,1635,"J",68132116697926.8,-5.06685104924827,-7.18548930735173,3.48522871143356,"Watch"
"343",139,1636,"J",509742477651558,3.44463213075517,7.70764014058252,3.51541643994042,"Watch"
"344",140,1637,"J",12238276234836.1,-5.53890509684438,-5.33398210966838,0.344481884248558,"Watch"
"345",141,1638,"J",1135002969928062,-0.640884334130999,-7.05001300356449,-1.13731642925659,"Watch"
"346",142,1639,"J",180409485835008,0.752351074196144,-6.02176496566164,4.89965676805245,"Watch"
"347",143,1640,"J",168446217948706,-0.412459252330097,1.43269244327868,-4.99864515570874,"Watch"
"348",144,1641,"J",1221810844226962,-2.69611011929248,-8.18913824344522,-0.129814171338252,"Watch"
"349",145,1642,"J",1473536151848961,2.55998476917135,-6.04632544537723,4.88087674232818,"Watch"
"350",146,1643,"J",711623756902812,-3.98383963200277,-7.47116671302524,2.0542921357299,"Watch"
"351",147,1644,"J",1819862139925521,-6.18763116542882,-6.80736025812483,1.11203608311437,"Watch"
"352",148,1645,"J",1132891102066312,-3.46735238561165,-5.38536165619875,5.38904070010624,"Watch"
"353",149,1646,"J",1467938632677208,-3.05492541122469,-8.18980217048821,0.0502282995764216,"Watch"
"354",150,1647,"J",730207487294370,-0.641617786115922,-7.84796172417115,4.7550252757975,"Watch"
"355",151,1648,"J",2530403023914781,4.91931663095978,-6.92500646066574,2.6323338220195,"Watch"
"356",152,1649,"J",2722271755738051,-2.51659484014147,-8.23382571830957,3.08710334557176,"Watch"
"357",153,1650,"J",2427305174970862,-5.04977082039057,-5.22784467634305,4.48900868356422,"Watch"
"358",154,1600,"J",92252759532431.4,-0.00444966291223425,-0.0170225727503691,0.0129314521663586,"Watch"
"359",155,1601,"J",1898657261632537,0.0073845846690383,0.0154933354063788,-0.000677897476466833,"Watch"
"360",156,1602,"J",524706404114845,-0.000933601331437693,-0.0215065042787843,0.0176518267144185,"Watch"
"361",157,1603,"J",11001376406108.1,-0.00575919323522065,-0.00935075505810391,0.000125309074696087,"Watch"
"362",158,1604,"J",694202614617720,-0.0072461657472967,-0.000436715438276436,0.0204595435075271,"Watch"
"363",159,1605,"J",7729969074352.06,-0.0106180453134471,-0.0129969974485235,-0.00100337847971968,"Watch"
"364",160,1606,"J",804365099792515,-0.00268121264186234,-0.0338600795705293,-0.0233255342651069,"Watch"
"365",161,1607,"J",117801190315768,-0.0119463068344796,0.0748227890106633,0.0383676987691091,"Watch"
"366",162,1608,"J",798300314084218,-0.0430439268994088,-0.0140836248401327,0.0197863079369653,"Watch"
"367",163,1609,"J",855440444834775,0.00207842557796003,-0.00578199513019151,-0.00425282467449625,"Watch"
"368",164,1610,"J",18113551197938,-0.00704153022722731,-0.0269549312043686,-0.00923112884496531,"Watch"
"369",165,1611,"J",3174262989857.71,-0.00226482604560644,-0.0454384742022842,-0.00103688328488204,"Watch"
"370",166,1612,"J",8754598909342.44,0.00421998195292256,-0.0151907411611638,-0.00709156009882043,"Watch"
"371",167,1613,"J",615018420055046,0.00341637950065779,0.000299248294651679,0.00234887529676103,"Watch"
"372",168,1614,"J",83535805562838.9,-0.0039195987224091,-0.12337383426315,-0.0544711144545698,"Watch"
"373",169,1615,"J",77362578883411.6,-0.00460198261230363,-0.0117706926925708,-0.00214629633621149,"Watch"
"374",170,1616,"J",105419392204911,0.00523602325666278,0.00305470795645323,0.000764304061387733,"Watch"
"375",171,1617,"J",177718858334864,-0.0089070597331446,-0.0164197646831774,0.00539458035526034,"Watch"
"376",172,1618,"J",110412132940854,-0.00654596866793397,0.0015859155062534,-0.000742601791019428,"Watch"
"377",173,1619,"J",348682832655667,-0.0174796185655617,-0.0247116426416736,-0.0195066536803697,"Watch"
"378",174,1620,"J",41287554508099.9,0.000721108468794338,-0.00642411153218707,0.000480745850943658,"Watch"
"379",175,1621,"J",179602341157575,0.00477491407943381,-0.104691306005411,-0.0362645254730158,"Watch"
"380",176,1622,"J",202782021613489,0.00763049812931168,0.0362082714338607,-0.0411551748633944,"Watch"
"381",177,1623,"J",12996940032760.7,-0.0122741463840855,-0.0285756833889259,0.00466474923489314,"Watch"
"382",178,1624,"J",291773501960987,-0.0117728780655426,-0.00925498855338607,-0.00482999549114072,"Watch"
"383",179,1625,"J",481192495221150,-0.00826133766166805,-0.0192522630683042,-0.000515911930248126,"Watch"
"384",180,1626,"J",372138228182379,-0.00261873260519845,-0.0073236908245118,-0.00444316009263597,"Watch"
"385",181,1627,"J",215906385539771,0.00666852712172356,-0.018098491146242,-0.00289147990705662,"Watch"
"386",182,1628,"J",911987313635298,0.00935535629350541,0.0414355445367916,0.00762012562243131,"Watch"
"387",183,1629,"J",380145531481472,-0.00241414486334749,-0.0195690972651915,-0.0348168984951809,"Watch"
"388",184,1630,"J",1333393514310556,-0.00597943040353039,-0.00386858568183458,-0.00342600994024979,"Watch"
"389",185,1631,"J",1327026346034481,-0.00151103268604774,-0.0418888040266028,0.00448033249760755,"Watch"
"390",186,1632,"J",2491142359664.24,-0.00919402720144047,-0.00568298708135415,0.0128936208674271,"Watch"
"391",187,1633,"J",698115940063210,0.00210058505829364,0.00589230430410769,-0.00279431176588121,"Watch"
"392",188,1634,"J",83059892875670.9,-0.00803141509775742,0.00197534176883431,0.00687018056189842,"Watch"
"393",189,1635,"J",68130171455459.5,-0.00353883312506939,-0.0301029812731057,-0.0025808374169914,"Watch"
"394",190,1636,"J",509741081391064,0.00642090101850652,0.0440607586686359,0.00334622440784901,"Watch"
"395",191,1637,"J",12065282551287.3,-0.000670853491729115,0.00242914590355259,0.000160543626283653,"Watch"
"396",192,1638,"J",1136216859397057,0.00109305653122398,0.00212845928909242,0.000269346627005273,"Watch"
"397",193,1639,"J",180568262752867,0.00037075815809048,0.00264438673202886,-0.00109719579961143,"Watch"
"398",194,1640,"J",169793817971076,0.000245989436053289,-0.00296724795292812,-0.0001445781170136,"Watch"
"399",195,1641,"J",1221810128651275,-0.00689483456583125,-0.0213533041083625,-0.0157676504340799,"Watch"
"400",196,1642,"J",1473536367373182,-0.00668526129565917,0.00931510590608382,-0.107686731903974,"Watch"
"401",197,1643,"J",711623144803070,-0.00686729463411879,-0.0105531021574438,0.011010941098232,"Watch"
"402",198,1644,"J",1819861081699087,0.0120639901783625,-0.0137435674878732,-0.00896247416670996,"Watch"
"403",199,1645,"J",1132891298881585,-0.00666687825693589,-0.0163699391110425,0.00511517305834027,"Watch"
"404",200,1646,"J",1467938998402858,-0.00324058419439356,-0.10450765436587,-0.0366396484345407,"Watch"
"405",201,1647,"J",730206829206907,0.00488904814384679,-0.0061204700013599,0.00341064468362198,"Watch"
"406",202,1648,"J",2530401958611390,-0.00150043935070774,0.00824809745065223,-0.00330117587351651,"Watch"
"407",203,1649,"J",2722271409915452,-0.00165011760410214,-0.0294238928357563,0.0168986978904913,"Watch"
"408",204,1650,"J",2427305495075518,0.0238902384787752,-0.00913068025829309,-0.0295215960829617,"Watch"
"409",1,1600,"A",252297624248049,-1.85828909368416,9.55109819380246,0.416233798656939,"Phone"
"410",2,1601,"A",265262793547117,3.18975492912732,8.66773538075881,1.36995715331668,"Phone"
"411",3,1602,"A",99529418992682.9,1.23280343919758,-9.50264474375727,0.361645878209811,"Phone"
"412",4,1603,"A",9100574354113.22,1.66842430910132,9.47892477090707,1.31346547967094,"Phone"
"413",5,1604,"A",18436822231196.4,0.117831423828152,9.81905282005927,-0.185796961975622,"Phone"
"414",6,1605,"A",183442419552707,-0.00321398385089537,9.45420903786164,0.581060744066116,"Phone"
"415",7,1606,"A",124216379143953,-9.37379657101733,-3.21206120224441,-0.19034945766583,"Phone"
"416",8,1607,"A",287939530070927,-1.11513092984049,0.992445667719922,1.65432320362764,"Phone"
"417",9,1608,"A",111169458321312,-0.669040046891933,9.43815626009695,0.667430598144142,"Phone"
"418",10,1609,"A",41920795683501.2,3.40439035304922,-9.40038795456351,-0.549895698702124,"Phone"
"419",11,1610,"A",19230246369357.3,1.89873976600128,9.30923434826525,-1.07921026004393,"Phone"
"420",12,1611,"A",3535921064875.84,-2.85538670121725,-9.78367184669153,0.59533861885787,"Phone"
"421",13,1612,"A",4042450311882.75,-3.19646916021122,-9.85272706467133,-1.40740573799494,"Phone"
"422",14,1613,"A",178298562508155,-2.0787104431724,9.00942511962535,2.22100458400771,"Phone"
"423",15,1614,"A",82060735703508.3,-1.36935169480398,9.91140722957191,0.82583703507299,"Phone"
"424",16,1615,"A",168854614108009,-0.930458086137828,-9.37670390422564,-0.868201103485427,"Phone"
"425",17,1616,"A",192977679807370,0.411125264876921,-9.86484357554842,-0.635580905517557,"Phone"
"426",18,1617,"A",269004131321148,-2.37941468570146,-9.90588155155568,-1.20013722803903,"Phone"
"427",19,1618,"A",775509576339181,-6.28927794959009,-8.53139524551483,-0.964864844944743,"Phone"
"428",20,1619,"A",173800819451200,-1.96713814743658,-9.47263792525602,1.19262570603173,"Phone"
"429",21,1620,"A",939055223435123,3.60623545931134,8.70501605341354,-0.34184040172202,"Phone"
"430",22,1621,"A",167137790828710,1.46537595930438,9.2578271584411,-0.00948042558564634,"Phone"
"431",23,1622,"A",1149757859443175,-0.408455189863719,-9.50530987210409,1.03971525965593,"Phone"
"432",24,1623,"A",2907201967605.49,-0.30480056139739,-9.67513796210129,-1.38556764309805,"Phone"
"433",25,1624,"A",518356915471695,4.79701138904729,-8.33449833371573,-1.05093890436299,"Phone"
"434",26,1625,"A",707459822169340,-7.92691466459219,-3.57710539235714,2.27322653389618,"Phone"
"435",27,1626,"A",597539463951953,4.26082056921108,-7.0488530215333,-2.04653508770298,"Phone"
"436",28,1627,"A",441301755914845,3.39626272125159,-4.51812438556446,3.11137685053599,"Phone"
"437",29,1628,"A",1137895513539885,2.31667672480256,-7.07556277463598,3.48506684003285,"Phone"
"438",30,1629,"A",778946039193716,2.46581275728185,6.94747717074613,2.81964343096815,"Phone"
"439",31,1630,"A",1560055923021084,9.03131511060436,0.666491165542971,2.31763097517164,"Phone"
"440",32,1631,"A",1553960706749613,0.464249355904807,9.25672265733482,-0.64431966948888,"Phone"
"441",33,1632,"A",5657929388828.95,0.245469620921662,-9.7232258960249,1.23559100396427,"Phone"
"442",34,1633,"A",694607028504203,0.861275642002784,-9.6486452006343,-0.53927066187181,"Phone"
"443",35,1634,"A",78013823215411,-1.10451011840788,-9.76498491502406,0.0381092896644096,"Phone"
"444",36,1635,"A",677625264288293,-1.7815766807219,-4.27121387898615,2.87807108605522,"Phone"
"445",37,1636,"A",504717595172430,-4.31320950495028,-8.79968345187465,-0.181590912283271,"Phone"
"446",38,1637,"A",16290373739475.5,8.58259598746735,-3.30485611366567,2.76973737591289,"Phone"
"447",39,1638,"A",1139991909996350,9.10552964832763,-1.85622379543975,0.30763824611656,"Phone"
"448",40,1639,"A",184694142350208,9.98862936424421,-2.91533444733441,1.64574375192101,"Phone"
"449",41,1640,"A",172310803380659,8.30126896069321,-2.8842629677612,-0.612345498888242,"Phone"
"450",42,1641,"A",1218567914984399,9.68947118343275,-1.1725003801407,-1.81983429049127,"Phone"
"451",43,1642,"A",1470949525747648,-4.33889614896997,4.64175288430582,5.68735743167486,"Phone"
"452",44,1643,"A",709214655347790,3.80914805302746,-5.36268171958403,-5.27467310729732,"Phone"
"453",45,1644,"A",1818398118178723,0.423989508199618,-9.02188974588696,0.174508519946633,"Phone"
"454",46,1645,"A",1131864467222090,3.27996956244558,-7.23860999094136,-1.90756746600089,"Phone"
"455",47,1646,"A",1466963515301101,-3.33823318121134,-0.545787048292231,-1.50250334797102,"Phone"
"456",48,1647,"A",1218930233028398,2.6289819325313,-8.69860595713752,-2.04844529307075,"Phone"
"457",49,1648,"A",460374624970920,-1.5950692280322,-5.89597364584779,3.14213193685101,"Phone"
"458",50,1649,"A",1165719196344416,-2.22637738825935,-8.80105102601998,-1.70160726211942,"Phone"
"459",51,1650,"A",359580300354260,-5.50835349564479,-4.46400968412892,-1.12554731776906,"Phone"
"460",52,1600,"A",252297750133072,0.00122433338019053,0.038105736888005,-0.00555617888829924,"Phone"
"461",53,1601,"A",265311724815571,0.000232363895390867,-0.0250209173110423,-0.077380240172673,"Phone"
"462",54,1602,"A",99144739253954.4,0.0251512835721037,0.0670702862483925,0.162410812177993,"Phone"
"463",55,1603,"A",9076612303327.95,-0.00488625565655926,-0.0232986681861502,0.0351160441959989,"Phone"
"464",56,1604,"A",18437214663339.4,-0.00344280395215466,-0.0364203096026058,0.035333626467638,"Phone"
"465",57,1605,"A",183426317110352,-0.0123123258124545,-0.0784409902918128,0.0112878036921547,"Phone"
"466",58,1606,"A",124214450198102,0.0186900027528635,0.00126182788616699,-0.0049152454384371,"Phone"
"467",59,1607,"A",287929884231076,-0.0272125605274951,-0.0131233999576604,-0.0555317972479966,"Phone"
"468",60,1608,"A",111596777686614,0.0221006616704089,0.0196779153936908,0.0174160764467936,"Phone"
"469",61,1609,"A",41921072597648.2,0.0805651920170692,0.0099850879239759,-0.13755865922872,"Phone"
"470",62,1610,"A",18777474518853.8,0.0340242910119585,-0.0360981649900672,0.0788071092639955,"Phone"
"471",63,1611,"A",3293105493199.11,0.070977935577893,-0.0802956640386663,-0.184915565512387,"Phone"
"472",64,1612,"A",4042020591516.65,0.024077706698571,0.0846065278037181,-0.0259208991917064,"Phone"
"473",65,1613,"A",178238410001676,-0.0251234442830457,-0.0327218855238582,0.0655352542313085,"Phone"
"474",66,1614,"A",81701384047583.6,-0.0015296944889745,0.0106835369857383,-0.0146585043832586,"Phone"
"475",67,1615,"A",168856103613740,0.0144422759526478,0.0038916370495657,-0.0831558726275736,"Phone"
"476",68,1616,"A",192730355909440,0.0713996793381676,0.0173672170969207,-0.100786221890104,"Phone"
"477",69,1617,"A",269004139852676,-0.101466756758476,0.067045892763944,0.0994968386948725,"Phone"
"478",70,1618,"A",775509641937452,-0.144871573815259,0.0496257708899655,-0.0199728821322667,"Phone"
"479",71,1619,"A",173765020506103,-0.022934376554455,-0.00952350610991875,0.00762355087472682,"Phone"
"480",72,1620,"A",938202342803732,-0.00116118799364612,-0.00140034861116676,-0.00491595444065383,"Phone"
"481",73,1621,"A",167214693719079,-0.0286390184795881,-0.0298805324465116,-0.0244052712650462,"Phone"
"482",74,1622,"A",1149037153777205,-0.00252610267533595,-0.00145785511379059,0.0282118819561478,"Phone"
"483",75,1623,"A",2602897255024.14,0.0257416869067516,0.0172810759510047,-0.0967469733827394,"Phone"
"484",76,1624,"A",518357041414518,0.0157994948266411,-0.013405998471174,0.0235071887420779,"Phone"
"485",77,1625,"A",707472204919110,-0.0127427096726783,-0.00407053008874034,0.00818895494189846,"Phone"
"486",78,1626,"A",597711128978116,-0.00801198675990572,-0.00695574604233034,0.0142488530203458,"Phone"
"487",79,1627,"A",442680325291399,-0.00353366529036905,0.00142620056518316,-0.0434280946042685,"Phone"
"488",80,1628,"A",1138464188453968,-0.0213810512594078,0.017477382930142,-0.0101420407367481,"Phone"
"489",81,1629,"A",1126505325473115,-0.00786322497388858,0.00309022984958847,-0.0140738601313872,"Phone"
"490",82,1630,"A",1560055991831647,0.0081621266576436,0.0168055232683889,0.004775829860297,"Phone"
"491",83,1631,"A",1553962711597890,0.0170219080351359,-0.0706400789832614,0.0788217903899412,"Phone"
"492",84,1632,"A",5657135383833.23,-0.0733799781306575,0.0390792530518215,0.0816798368076105,"Phone"
"493",85,1633,"A",694871196808461,-0.0480592214991017,-0.00985454864285234,-0.00656351517635192,"Phone"
"494",86,1634,"A",78013891180637.2,0.0232167626644158,0.0532584710672093,0.0787165955452059,"Phone"
"495",87,1635,"A",676554805027058,-0.0809897396635434,-0.0112221169384698,0.18464243722015,"Phone"
"496",88,1636,"A",504717663447628,0.00100982080683329,0.00534556107447464,-0.0052935214585587,"Phone"
"497",89,1637,"A",16269549567494.6,0.0133347306480797,0.0757634062265974,-0.0458811174215509,"Phone"
"498",90,1638,"A",1139973786927049,-0.184975681902228,0.0475568761447036,0.0502029724508503,"Phone"
"499",91,1639,"A",184674725715945,0.0216708587573835,0.0783155432451259,-0.060699969109661,"Phone"
"500",92,1640,"A",172298637092822,0.022050066959085,0.00111194303541031,-0.0130151238588672,"Phone"
"501",93,1641,"A",1217878919586105,0.0158477866036705,-0.0247580713742085,-0.0266465356747408,"Phone"
"502",94,1642,"A",1471171159234595,0.00123957516555057,0.0135432449974503,-0.0249850628733399,"Phone"
"503",95,1643,"A",709074769668571,0.0178622073977865,0.00955290602200897,-0.0179559288984169,"Phone"
"504",96,1644,"A",1817825157471110,-0.000809768179265901,0.00746968581699356,-0.00576194961466797,"Phone"
"505",97,1645,"A",1131828469992494,0.0578372336839031,0.0308934148260157,-0.0401087439827683,"Phone"
"506",98,1646,"A",1467347717726160,0.00817200188276828,-0.00360993020381059,-0.0137500895640516,"Phone"
"507",99,1647,"A",1218879566946530,-0.0242754337795461,0.0119225150322079,-0.0249135776597366,"Phone"
"508",100,1648,"A",460209654570425,0.0331073687660129,0.011866699908784,0.00267539782144858,"Phone"
"509",101,1649,"A",1165645423523918,-0.0441526594680162,0.0504424658805408,-0.0994285126763099,"Phone"
"510",102,1650,"A",359739337562754,0.00702420916737181,0.00967005891887083,0.0031405751780891,"Watch"
"511",103,1600,"A",90516603459778.9,11.6019982721221,-1.22996857451592,-0.121505032410097,"Watch"
"512",104,1601,"A",1896501689630654,-10.0460602884688,-2.50513920200084,1.99506553034552,"Watch"
"513",105,1602,"A",522266940159368,9.26780563008793,-4.30747743179972,-0.048621679584466,"Watch"
"514",106,1603,"A",8298830039722,12.0462485687379,-1.64638246940538,-1.43977527247135,"Watch"
"515",107,1604,"A",696549135576265,11.2050478136101,-3.30834563899528,0.256472963958696,"Watch"
"516",108,1605,"A",9893030171588.86,8.48317715369078,-3.66337330508299,-0.0413537894081835,"Watch"
"517",109,1606,"A",802326280257423,8.7563721948147,-2.65349632397767,2.7054718696271,"Watch"
"518",110,1607,"A",115928238573630,-9.79094683155927,-2.87353039103516,-0.616577817803826,"Watch"
"519",111,1608,"A",759824837892017,5.2505945153683,-4.89692266255398,-1.0756723985912,"Watch"
"520",112,1609,"A",854124374122998,4.43802926847046,-4.79465876794888,1.50616868668197,"Watch"
"521",113,1610,"A",19705466769310.5,10.5771532075673,-2.3672677588919,1.46473250369639,"Watch"
"522",114,1611,"A",4646833402133.49,10.3207566193836,-3.82234699386283,2.40864336707157,"Watch"
"523",115,1612,"A",5395766723124.12,10.2500635779243,-2.83634101790111,-0.0808960387640499,"Watch"
"524",116,1613,"A",616523306393768,10.1281148251723,-1.38993964277176,0.99134420051651,"Watch"
"525",117,1614,"A",81695368209173.2,-10.5085295252011,-1.96837478596125,-1.03311401324538,"Watch"
"526",118,1615,"A",80094180990106.7,9.00067416046047,-3.2532597443656,1.49588626256877,"Watch"
"527",119,1616,"A",103966623398052,10.1774409835031,-3.37983933419376,-0.0176620957236061,"Watch"
"528",120,1617,"A",179907958905189,6.67362798568401,-4.0647527975285,0.0715090679312124,"Watch"
"529",121,1618,"A",15091656896949.2,9.61615127076283,-2.76945043638252,2.66472690275839,"Watch"
"530",122,1619,"A",351295235935475,11.3967156816644,-2.69314970522197,-1.80811568953892,"Watch"
"531",123,1620,"A",39427714714583.1,5.95885137188791,-2.4980601238033,-1.86426573843716,"Watch"
"532",124,1621,"A",178943130079656,2.14219121477761,-3.02639121688702,1.11053069116958,"Watch"
"533",125,1622,"A",24128370498625.3,10.6092673453675,-2.23094478968954,0.840271030514175,"Watch"
"534",126,1623,"A",10727629687473.3,10.291664699362,-1.84736710787159,-2.06160503909176,"Watch"
"535",127,1624,"A",291242062604486,3.30467779635219,-4.73559340272203,-0.705806076233745,"Watch"
"536",128,1625,"A",482098357920650,8.36177258398041,-3.32937640651462,-1.88493839181776,"Watch"
"537",129,1626,"A",372231439362900,5.93237499112813,-3.10606404071628,-1.13910486524847,"Watch"
"538",130,1627,"A",216926738252056,9.31897679179917,-2.07564494719487,0.421161042059933,"Watch"
"539",131,1628,"A",911734464799927,-4.70300490230791,3.98024244465287,0.883084855738544,"Watch"
"540",132,1629,"A",901396374111674,9.47377016687379,-3.65598458065683,0.910796373917614,"Watch"
"541",133,1630,"A",1334262852852035,9.69791924831595,-1.76611874602674,0.546970821775062,"Watch"
"542",134,1631,"A",1328169696114024,9.42745729568275,-2.71098168632017,-0.140456416163967,"Watch"
"543",135,1632,"A",6209543979297.41,9.0648377013079,-3.33516136482829,0.582128309446175,"Watch"
"544",136,1633,"A",700411484024962,-6.0489751629663,-4.88983686184596,-0.907748000722108,"Watch"
"545",137,1634,"A",83564535948519,5.92541331383245,-5.8952750098724,1.95357083761442,"Watch"
"546",138,1635,"A",64858273213297.3,8.63156862930042,-5.14427857278086,1.95050677273062,"Watch"
"547",139,1636,"A",510262213739172,-10.3533461978848,2.76256494525947,-0.862210351120777,"Watch"
"548",140,1637,"A",12934911075055.9,6.41433980839822,-3.78372708930058,-1.67937337573769,"Watch"
"549",141,1638,"A",1137418526200578,4.00042598772455,-7.76878485379565,1.78190900415139,"Watch"
"550",142,1639,"A",180923835242755,-5.36926907699841,-5.48360285169694,3.72946190817838,"Watch"
"551",143,1640,"A",170225953932992,-4.87395641467757,-4.01119438195969,-3.12442325229055,"Watch"
"552",144,1641,"A",1219867729246216,8.87840185171207,-2.99850028039674,-0.113426798975534,"Watch"
"553",145,1642,"A",1474618746753701,3.59655789441484,-5.07238278709209,-0.0137918580738696,"Watch"
"554",146,1643,"A",712363822989269,10.2396394610957,-2.50896494432746,1.03821443431012,"Watch"
"555",147,1644,"A",1820178803883695,2.38119426498072,-4.84678166083989,-1.2570020720034,"Watch"
"556",148,1645,"A",1133203073424272,5.84883463741575,-4.97550995855273,1.44081046217601,"Watch"
"557",149,1646,"A",1470118577963858,6.98290851591664,-3.35007087337943,-0.434981251565714,"Watch"
"558",150,1647,"A",728109814484383,5.14077716483857,-5.10654775788476,-1.29404860301074,"Watch"
"559",151,1648,"A",2528158418925609,-10.1484252389237,-4.30844171075784,-0.205988638043356,"Watch"
"560",152,1649,"A",2723280118632898,8.93188428729265,-4.31111983385945,-0.879714298139501,"Watch"
"561",153,1650,"A",2427630529209236,8.77204243116055,-2.58489089487202,0.38223797010207,"Watch"
"562",154,1600,"A",90516603443553.4,0.0280460008359423,-0.137673232758787,0.0487494219232306,"Watch"
"563",155,1601,"A",1896501607819976,-0.000402053542076048,-0.023326033415909,0.0143446392015626,"Watch"
"564",156,1602,"A",522266940140830,0.0374730240526828,0.0438801874158063,-0.0419937660054122,"Watch"
"565",157,1603,"A",8298734749780.41,0.0454593628436747,0.094307340111768,0.0160242305769914,"Watch"
"566",158,1604,"A",696549135560054,-0.14459597353159,-0.0805238562551812,0.0713516317623009,"Watch"
"567",159,1605,"A",9890459229716.2,-0.000726432064645235,-0.00937312247840184,-0.00289843112334099,"Watch"
"568",160,1606,"A",802326280238204,-0.009748865076131,0.0128966629556731,-0.0306204182617458,"Watch"
"569",161,1607,"A",115931172223571,-0.0676501491835847,0.00107680971086475,0.0421810530937079,"Watch"
"570",162,1608,"A",759909030832686,0.000150683344811511,-0.0188772107368167,0.000250287446388365,"Watch"
"571",163,1609,"A",854124475367358,-0.041445593582917,-0.0765163389792844,-0.0100735547308535,"Watch"
"572",164,1610,"A",19705466752267.8,0.00372800969666944,-0.0623450013949792,-0.0152635038982237,"Watch"
"573",165,1611,"A",4646833386050.96,0.0302157494228338,0.10122716341914,-0.0585440931007494,"Watch"
"574",166,1612,"A",5395766707012.36,-0.0756149932975021,-0.0559602309425673,0.0321385568301138,"Watch"
"575",167,1613,"A",616523247541770,-0.0197975904561366,0.0164205070101804,-0.0190314275933222,"Watch"
"576",168,1614,"A",81695368253099.6,-0.119331009613794,0.102921316753664,-0.0584134014903969,"Watch"
"577",169,1615,"A",80094180972916.4,0.0169853592836364,0.00145435701066889,-0.00342026217986678,"Watch"
"578",170,1616,"A",103966623383614,0.0678393816615609,0.0627493410898168,-0.0251907990542326,"Watch"
"579",171,1617,"A",179909234505454,-0.0120827561239942,-0.0485637606894331,0.000310825740544324,"Watch"
"580",172,1618,"A",15091656910419.4,0.00556111322988177,-0.013359890908776,0.00586481406340827,"Watch"
"581",173,1619,"A",351295236013804,-0.0254728348860533,0.0298616797465445,-0.0307177602212781,"Watch"
"582",174,1620,"A",39423397402025.6,-0.0359089247751089,-0.0632590840436913,0.0316555539665603,"Watch"
"583",175,1621,"A",178944480277553,-0.0116927502252706,-0.0500590575490512,-0.0481121774246833,"Watch"
"584",176,1622,"A",24128370481564.5,0.00669244690043852,0.0195128757658174,-0.00381718630127671,"Watch"
"585",177,1623,"A",10727629667910,0.0291310993681968,-0.174576673458945,-0.0243972189118512,"Watch"
"586",178,1624,"A",291241895185916,-0.035646138184957,0.101234897406625,-0.0343145609176298,"Watch"
"587",179,1625,"A",482096775073737,-0.163386070713471,-0.0684380123070285,0.0649277692096467,"Watch"
"588",180,1626,"A",372232949119485,-0.00286822357881985,0.0296964451256085,-0.0555336290729963,"Watch"
"589",181,1627,"A",216926738235205,0.000882785540116571,0.0732371541532667,0.00506355086314183,"Watch"
"590",182,1628,"A",911734276011012,-0.00266995805267,0.0207097680276076,-0.0137899757283056,"Watch"
"591",183,1629,"A",901396618456111,-0.0853107013600056,-0.0487394804732445,-0.000771929193724675,"Watch"
"592",184,1630,"A",1334262852835088,-0.0046489747560977,0.0358754174929559,-0.00182373216534313,"Watch"
"593",185,1631,"A",1328169696097424,-0.0137427428973356,0.0715104826623203,-0.00538804909197891,"Watch"
"594",186,1632,"A",6209543962247.31,0.0369884252272273,0.00370035475203997,-0.0175640654697433,"Watch"
"595",187,1633,"A",700411484008139,-0.0609394907736123,0.00572835616870386,-0.00627699998714682,"Watch"
"596",188,1634,"A",83564535931856.9,0.0149892416718041,-0.0174450315906772,-0.0100600639733999,"Watch"
"597",189,1635,"A",64858273194214.4,0.0959270022087982,0.192408346207921,-0.0563291215799334,"Watch"
"598",190,1636,"A",510262213723524,-0.0393775415516514,-0.0774571793949986,-0.0490660518600888,"Watch"
"599",191,1637,"A",12858089341675.1,0.00832490965215099,-0.0221566432502914,-0.0415385135792673,"Watch"
"600",192,1638,"A",1136545478208476,0.00158060062377186,0.00832269255885373,0.00426785802885096,"Watch"
"601",193,1639,"A",181235129098213,-0.0376465878206495,0.0355337987685679,0.0634853856647238,"Watch"
"602",194,1640,"A",169414982760432,0.0192767634028865,-0.0362414613991951,0.032132816519345,"Watch"
"603",195,1641,"A",1219867729351963,-0.00239213878356925,0.0221112849949847,-0.0434853906371357,"Watch"
"604",196,1642,"A",1474618746857739,-0.0322505578368027,0.0177062581610103,-0.0158851249537552,"Watch"
"605",197,1643,"A",712363823128127,-0.0146238607225368,0.0138194478958646,-0.0217476925350541,"Watch"
"606",198,1644,"A",1820178959903246,-0.0203130404921539,-0.0216585616004695,-0.00678822571712462,"Watch"
"607",199,1645,"A",1133204284569117,-0.0614435635656895,-0.0301658363560062,-0.00253825942954202,"Watch"
"608",200,1646,"A",1470118578067769,-0.0458658774037913,-0.0157794907998612,0.0264183142983986,"Watch"
"609",201,1647,"A",728109458472270,-0.0338147215855328,0.0554311769723832,-0.010584016951927,"Watch"
"610",202,1648,"A",2528158419040678,-0.0135147598118235,-0.00590524663854566,0.00825011770271302,"Watch"
"611",203,1649,"A",2723280118646264,-0.0165531008864002,-0.0768016995840439,-0.00856800171690258,"Watch"
"612",204,1650,"A",2427633190581854,-0.0798130446158997,0.121530604881808,-0.19325270481311,"Watch"
